smt333,smt2 ,maSV1111,smt44,smt5,smt6,smt7,sinhviens
10,10, smt,10,10,10,10,10
11,11, smt,11,11,11,11,11
12,12, smt,12,12,12,12,12
13,13, smt,13,13,13,13,13
14,14, smt,14,14,14,14,14
15,15, smt,15,15,15,15,15
16,16, smt,16,16,16,16,16
17,17, smt,17,17,17,17,17
18,18, smt,18,18,18,18,18
19,19, smt,19,19,19,19,19
20,20, smt,20,20,20,20,20
21,21, smt,21,21,21,21,21
22,22, smt,22,22,22,22,22
23,23, smt,23,23,23,23,23
24,24, smt,24,24,24,24,24
25,25, smt,25,25,25,25,25
26,26, smt,26,26,26,26,26
27,27, smt,27,27,27,27,27
